ALLELE	CLOSE_REFERENCE	CHIMERA	IN_GENOTYPE	SINGLETON	SAHRED_SNP	HOTSPOT	NOVEL_AA	SNP_XXXX	LONG_VERSION	IN_GENO
IGHV3-9*01_A152G	IGHV3-9*01		FALSE	NA	NA	NA	NA	Repeated Read: 152A>G-XXzX;		TRUE
IGHV3-11*01_A152G	IGHV3-11*01		FALSE	NA	NA	NA	NA	Repeated Read: 152A>G-XXzX;		TRUE
IGHV3-30*18_A152G	IGHV3-30*18		FALSE	NA	NA	NA	NA	Repeated Read: 152A>G-XXzX;		FALSE
IGHV4-39*02_C258G	IGHV4-39*02	low probability for chimera	FALSE	NA	NA	NA	NA			TRUE
IGHV4-61*02_A234G	IGHV4-61*02		FALSE	NA	NA	NA	NA			TRUE
IGHV5-51*01_C45G	IGHV5-51*01	low probability for chimera	FALSE	NA	NA	NA	NA	Repeated Read: 45C>G-zXXX;	Longer seq call of:IGHV5-51*03	TRUE
