ALLELE	CLOSE_REFERENCE	CHIMERA	IN_GENOTYPE	SINGLETON	SAHRED_SNP	HOTSPOT	NOVEL_AA	SNP_XXXX	LONG_VERSION	IN_GENO
IGHV1-3*02_G291C_T296C_T300C	IGHV1-3*02	high probability for chimera, inference removed	FALSE	NA	NA	NA				FALSE
IGHV1/OR15-9*01_A106G_G113A_T127C_C129A_A137C_C140G_T164G_G166A_G168C_T169A_G170A_G176A_T177C_G184A_A185G_C189T_A190G_G197A_C213T_A225G_A234G_A246G_G252C_G253A_A273G_C279G_G291C_A301G_T314C	IGHV1/OR15-9*01	high probability for chimera, inference removed	FALSE	NA	NA	NA	Novel AA found: 176G>A-C^C/177T>C-C^C;	Repeated Read: 137A>C-XXXz;		FALSE
IGHV3-20*03_04_C258A_T279C_C300T_T301G	IGHV3-20*03_04	high probability for chimera, inference removed	FALSE	NA	NA	NA				FALSE
IGHV3-53*01_02_C300T	IGHV3-53*01_02	low probability for chimera	FALSE	NA	NA	NA				TRUE
IGHV3-53*01_02_T267G_C300T	IGHV3-53*01_02	high probability for chimera, inference removed	FALSE	NA	NA	NA				FALSE
IGHV3-53*01_02_A256T_G258A_T267G_C300T	IGHV3-53*01_02	high probability for chimera, inference removed	FALSE	NA	NA	NA				FALSE
IGHV3-53*05_C300T	IGHV3-53*05	low probability for chimera	FALSE	NA	NA	NA			Longer seq call of:IGHV3-66*bp02	TRUE
IGHV3-64*05_A210C_G265C	IGHV3-64*05	low probability for chimera	FALSE	NA	NA	NA				TRUE
IGHV3-69-1*01_C159T_C164A_C246T	IGHV3-69-1*01	high probability for chimera, inference removed	FALSE	NA	NA	NA				FALSE
IGHV3-74*01_02_T279C_A315G	IGHV3-74*01_02	high probability for chimera, inference removed	FALSE	NA	NA	NA				FALSE
IGHV4-4*07_G234A_G291A	IGHV4-4*07	high probability for chimera, inference removed	FALSE	NA	NA	NA				FALSE
