ALLELE	CLOSE_REFERENCE	CHIMERA	IN_GENOTYPE	SINGLETON	SAHRED_SNP	HOTSPOT	NOVEL_AA	SNP_XXXX	LONG_VERSION	IN_GENO
IGHV1-3*02_T296C_T300C	IGHV1-3*02	high probability for chimera, inference removed	FALSE	NA	NA	NA	NA	NA		FALSE
IGHV1-69*08_C191T	IGHV1-69*08	low probability for chimera	FALSE	NA	NA	NA	NA	NA	Longer seq call of:IGHV1-69*bp02	TRUE
IGHV3-72*01_A284G_A286G_C300T_T315G	IGHV3-72*01	high probability for chimera, inference removed	FALSE	NA	NA	NA	NA	NA		FALSE
IGHV4-59*02_G88A	IGHV4-59*02	low probability for chimera	FALSE	NA	NA	NA	NA	NA	Longer seq call of:IGHV4-59*bp01	TRUE
IGHV5-51*07_A128G	IGHV5-51*07	low probability for chimera	FALSE	NA	NA	NA	NA	NA	Longer seq call of:IGHV5-51*bp01	TRUE
