ALLELE	CLOSE_REFERENCE	CHIMERA	IN_GENOTYPE	SINGLETON	SAHRED_SNP	HOTSPOT	NOVEL_AA	SNP_XXXX	LONG_VERSION	IN_GENO
IGHV1/OR15-9*01_T75A_G113A_T127C_C129A_A137C_C140G_T163A_G165A_G166A_G168C_T169A_G170A_A185G_C189T_T201C_A234G_A246G_T251C_G253A_C260T_A273G_A301G_T314C	IGHV1/OR15-9*01	low probability for chimera	FALSE	NA	NA	NA	NA	Repeated Read: 137A>C-XXXz;		TRUE
IGHV3-21*05_T194C_T196A_A210T	IGHV3-21*05	low probability for chimera	FALSE	NA	NA	NA	NA			TRUE
IGHV3-53*05_C300T	IGHV3-53*05	low probability for chimera	FALSE	NA	NA	NA	NA		Longer seq call of:IGHV3-66*bp02	TRUE
IGHV3-64*04_A210C_G267T_A275G_C279T	IGHV3-64*04	high probability for chimera, inference removed	FALSE	NA	NA	NA	NA			FALSE
IGHV3-64*05_A210C_G265C	IGHV3-64*05	low probability for chimera	FALSE	NA	NA	NA	NA			TRUE
IGHV3-69-1*01_A190T_C191A_T210A	IGHV3-69-1*01	high probability for chimera, inference removed	FALSE	NA	NA	NA	NA			FALSE
IGHV3-NL1*01_A225G_C243T_A317G	IGHV3-NL1*01	high probability for chimera, inference removed	FALSE	NA	NA	NA	NA			FALSE
IGHV3-NL1*01_A225G_T246C_T247G_A256T_G258A_T288C_A317G	IGHV3-NL1*01	high probability for chimera, inference removed	FALSE	NA	NA	NA	NA			FALSE
IGHV4-4*07_G234A_G291A	IGHV4-4*07	high probability for chimera, inference removed	FALSE	NA	NA	NA	NA			FALSE
IGHV4-59*05_A118G_G129C_G135C_G138A_A147G_C163A	IGHV4-59*05	high probability for chimera, inference removed	FALSE	NA	NA	NA	NA	Repeated Read: 118A>G-XXzX/135G>C-XzXX^XXzX/147A>G-XXXz;		FALSE
