ALLELE	CLOSE_REFERENCE	CHIMERA	IN_GENOTYPE	SINGLETON	SAHRED_SNP	HOTSPOT	NOVEL_AA	SNP_XXXX	LONG_VERSION	IN_GENO
IGHV1-8*01_02_A250G	IGHV1-8*01_02		FALSE	NA	NA	NA	NA			TRUE
IGHV1/OR15-9*01_T75A_G113A_T127C_C129A_A137C_C140G_T163A_G165A_G166A_G168C_T169A_G170A_A185G_C189T_T201C_A234G_A246G_T251C_G253A_C260T_A273G_A301G_T314C	IGHV1/OR15-9*01	low probability for chimera	FALSE	NA	NA	NA	NA	Repeated Read: 137A>C-XXXz;		TRUE
IGHV1-69*01_12_13_G238A	IGHV1-69*01_12_13	low probability for chimera	FALSE	NA	NA	NA	NA		Longer seq call of:IGHV1-69*bp04	TRUE
IGHV3-30*18_T201C	IGHV3-30*18	low probability for chimera	FALSE	NA	NA	NA	NA			TRUE
IGHV3-53*05_T267G_C300T_G317A	IGHV3-53*05	high probability for chimera, inference removed	FALSE	NA	NA	NA	NA			FALSE
IGHV3-66*02_T267G	IGHV3-66*02	low probability for chimera	FALSE	NA	NA	NA	NA			TRUE
