ALLELE	CLOSE_REFERENCE	CHIMERA	IN_GENOTYPE	SINGLETON	SAHRED_SNP	HOTSPOT	NOVEL_AA	SNP_XXXX	LONG_VERSION	IN_GENO
IGHV1-3*02_T296C_T300C	IGHV1-3*02	high probability for chimera, inference removed	FALSE	NA	NA	NA	NA		NA	FALSE
IGHV1/OR15-9*01_T75A_G113A_T127C_C129A_A137C_C140G_T163A_G165A_G166A_G168C_T169A_G170A_A185G_C189T_T201C_A234G_A246G_T251C_G253A_C260T_A273G_A301G_T314C	IGHV1/OR15-9*01	low probability for chimera	FALSE	NA	NA	NA	NA	Repeated Read: 137A>C-XXXz;	NA	TRUE
IGHV3-20*03_04_C258A_T279C_C300T_T301G	IGHV3-20*03_04	high probability for chimera, inference removed	FALSE	NA	NA	NA	NA		NA	FALSE
IGHV3-33*05_T300C_G303A_G317A	IGHV3-33*05	high probability for chimera, inference removed	FALSE	NA	NA	NA	NA		NA	FALSE
IGHV3-53*01_02_T267G_C300T	IGHV3-53*01_02	high probability for chimera, inference removed	FALSE	NA	NA	NA	NA		NA	FALSE
IGHV3-53*01_02_T246C_T247G_A256T_G258A_T267G_C300T	IGHV3-53*01_02	high probability for chimera, inference removed	FALSE	NA	NA	NA	NA		NA	FALSE
IGHV3-64*05_A210C_G265C	IGHV3-64*05	low probability for chimera	FALSE	NA	NA	NA	NA		NA	TRUE
IGHV3-66*02_T267G	IGHV3-66*02	low probability for chimera	FALSE	NA	NA	NA	NA		NA	FALSE
IGHV3-66*03_T175G_T267G	IGHV3-66*03	high probability for chimera, inference removed	FALSE	NA	NA	NA	NA		NA	FALSE
IGHV3-69-1*01_A190T_C191A_T210A	IGHV3-69-1*01	high probability for chimera, inference removed	FALSE	NA	NA	NA	NA		NA	FALSE
IGHV4-59*05_A118G_G129C_G135C_G138A_A147G_C163A	IGHV4-59*05	high probability for chimera, inference removed	FALSE	NA	NA	NA	NA	Repeated Read: 118A>G-XXzX/135G>C-XzXX^XXzX/147A>G-XXXz;	NA	FALSE
IGHV4-59*06_A76T_T105C_G129C_C134A_G136C_T138A	IGHV4-59*06	high probability for chimera, inference removed	FALSE	NA	NA	NA	NA	Repeated Read: 136G>C-XXzX^XXXz;	NA	FALSE
